dataset_name,model_name,technique_name,GroupFairness,GroupFairness_after,PredictiveParity,PredictiveParity_after,PredictiveEquality,PredictiveEquality_after,EqualOpportunity,EqualOpportunity_after,EqualizedOdds,EqualizedOdds_after
adult,Decision Tree,Reject Option Classification,-0.6672303821810174,-0.20232947810104496,-0.2602252721896525,-0.5368218726709293,-0.6611437507498938,0.37618097285169294,0.6863450888953657,-0.16621492930920823,-0.6611437507498938,0.37618097285169294
adult,Decision Tree,Equalized Odds,-0.6672303821810174,-0.2475439807803146,-0.2602252721896525,-0.5778483587191887,-0.6611437507498938,-0.0025029123840074607,0.6863450888953657,0.002438925246941226,-0.6611437507498938,-0.0025029123840074607
adult,Decision Tree,Calibrated EO,-0.6672303821810174,-1.0,-0.2602252721896525,-1.0,-0.6611437507498938,-1.0,0.6863450888953657,1.0,-0.6611437507498938,1.0
adult,Decision Tree,Threshold Optimizer,-0.6672303821810174,-0.3358853863201974,-0.2602252721896525,-0.5579234972677596,-0.6611437507498938,0.10594208349003376,0.6863450888953657,0.03135543270598773,-0.6611437507498938,0.10594208349003376
adult,Logistic Regression,Reject Option Classification,-0.7327182269160246,-0.1129480937663313,-0.060266813016198406,-0.575731330865612,-0.7815684859070499,0.269113866300039,1.0,-0.6442351598173517,-0.7815684859070499,0.269113866300039
adult,Logistic Regression,Equalized Odds,-0.7327182269160246,-0.22082219506187928,-0.060266813016198406,-0.5919923736892279,-0.7815684859070499,-0.0022214829172331196,1.0,0.0018814985971282727,-0.7815684859070499,-0.0022214829172331196
adult,Logistic Regression,Calibrated EO,-0.7327182269160246,-1.0,-0.060266813016198406,-1.0,-0.7815684859070499,-1.0,1.0,1.0,-0.7815684859070499,1.0
adult,Logistic Regression,Threshold Optimizer,-0.7327182269160246,-0.21949868632639158,-0.060266813016198406,-0.6159227240649259,-0.7815684859070499,-0.08934249876327838,1.0,0.6559897931775451,-0.7815684859070499,-0.08934249876327838
adult,Random Forest,Reject Option Classification,-0.6460670816565491,-0.11921622543301835,-0.24085535037148942,-0.5768194649983788,-0.6472393761518047,0.3323904450509414,0.81052099708062,-0.46603490335897924,-0.6472393761518047,0.3323904450509414
adult,Random Forest,Equalized Odds,-0.6460670816565491,-0.24438134905013864,-0.24085535037148942,-0.5840066058734832,-0.6472393761518047,0.014664178063168443,0.81052099708062,0.04005498522073547,-0.6472393761518047,0.014664178063168443
adult,Random Forest,Calibrated EO,-0.6460670816565491,-1.0,-0.24085535037148942,-1.0,-0.6472393761518047,-1.0,0.81052099708062,1.0,-0.6472393761518047,1.0
adult,Random Forest,Threshold Optimizer,-0.6460670816565491,-0.5706312541972962,-0.24085535037148942,-0.25958633511503604,-0.6472393761518047,-0.5988095944740371,0.81052099708062,0.0018083472026628744,-0.6472393761518047,-0.5988095944740371
adult,KNN,Reject Option Classification,-0.6924878861755523,-0.10909633583091738,-0.1515639108388681,-0.5259787227806922,-0.7177214491663533,0.38479883524481107,0.6559897931775449,-0.49893434858641794,-0.7177214491663533,0.38479883524481107
adult,KNN,Equalized Odds,-0.6924878861755523,-0.2565453531999896,-0.1515639108388681,-0.5789293508870741,-0.7177214491663533,0.002012422883932885,0.6559897931775449,0.03805243353582055,-0.7177214491663533,-0.015817317521979124
adult,KNN,Calibrated EO,-0.6924878861755523,-1.0,-0.1515639108388681,-1.0,-0.7177214491663533,-1.0,0.6559897931775449,1.0,-0.7177214491663533,1.0
adult,KNN,Threshold Optimizer,-0.6924878861755523,-0.09349291696958462,-0.1515639108388681,-0.6664674654937055,-0.7177214491663533,0.0014654746591813428,0.6559897931775449,0.049605097568384604,-0.7177214491663533,-0.04944844989185282
compas,Decision Tree,Reject Option Classification,0.43001993538186567,0.1893463465029228,0.24587556525806975,0.3210493953679032,0.4097797307193962,0.13005551149881045,-0.3957748948106592,-0.2794476486246673,0.4097797307193962,0.13005551149881045
compas,Decision Tree,Equalized Odds,0.43001993538186567,0.12712279520137848,0.24587556525806975,0.30703624733475476,0.4097797307193962,0.036604750442799316,-0.3957748948106592,0.012870098692984833,0.4097797307193962,0.036604750442799316
compas,Decision Tree,Calibrated EO,0.43001993538186567,1.0,0.24587556525806975,1.0,0.4097797307193962,1.0,-0.3957748948106592,-0.8514492753623188,0.4097797307193962,1.0
compas,Decision Tree,Threshold Optimizer,0.43001993538186567,-0.10886888395903471,0.24587556525806975,0.5783342027473484,0.4097797307193962,-0.3491272387974784,-0.3957748948106592,0.3892339544513457,0.4097797307193962,-0.3491272387974784
compas,Logistic Regression,Reject Option Classification,0.9742755010851525,0.0893308915153117,0.10805149532138714,0.3672695500218437,1.0,0.16180286088214357,-0.7295882588659587,-0.751358695652174,1.0,0.16180286088214357
compas,Logistic Regression,Equalized Odds,0.9742755010851525,0.13660050068355734,0.10805149532138714,0.2828094486798989,1.0,0.06808918724526491,-0.7295882588659587,0.03807744565217375,1.0,0.06808918724526491
compas,Logistic Regression,Calibrated EO,0.9742755010851525,1.0,0.10805149532138714,1.0,1.0,1.0,-0.7295882588659587,-0.9510869565217391,1.0,1.0
compas,Logistic Regression,Threshold Optimizer,0.9742755010851525,0.5746836293215871,0.10805149532138714,0.197390898323615,1.0,0.5217556094602789,-0.7295882588659587,-0.45443752638243984,1.0,0.5217556094602789
compas,Random Forest,Reject Option Classification,0.5153618279679921,0.17204094026335648,0.23069807122042985,0.31484591597355505,0.4262222503320472,0.2920156786941579,-0.49742715078630906,-0.751358695652174,0.4262222503320472,0.2920156786941579
compas,Random Forest,Equalized Odds,0.5153618279679921,0.1582503623565965,0.23069807122042985,0.29236979245112504,0.4262222503320472,-0.030500507451524994,-0.49742715078630906,-0.022387598814229248,0.4262222503320472,-0.030500507451524994
compas,Random Forest,Calibrated EO,0.5153618279679921,1.0,0.23069807122042985,1.0,0.4262222503320472,1.0,-0.49742715078630906,-0.8605072463768115,0.4262222503320472,1.0
compas,Random Forest,Threshold Optimizer,0.5153618279679921,0.2230259497192575,0.23069807122042985,0.27041903409090917,0.4262222503320472,0.1254727244469771,-0.49742715078630906,-0.11393280632411062,0.4262222503320472,0.1254727244469771
compas,KNN,Reject Option Classification,0.4611150177998504,0.14757102256383114,0.19399739016963902,0.337541650268923,0.6242482817869415,0.2468654221231541,-0.5672502489213409,-0.7927989130434783,0.6242482817869415,0.2468654221231541
compas,KNN,Equalized Odds,0.4611150177998504,0.11037486350295866,0.19399739016963902,0.32382809101622123,0.6242482817869415,0.03454512570085,-0.5672502489213409,0.03644164759725399,0.6242482817869415,0.03454512570085
compas,KNN,Calibrated EO,0.4611150177998504,1.0,0.19399739016963902,1.0,0.6242482817869415,1.0,-0.5672502489213409,-0.8967391304347826,0.6242482817869415,1.0
compas,KNN,Threshold Optimizer,0.4611150177998504,0.16605879176574256,0.19399739016963902,0.31083250988142286,0.6242482817869415,0.215022091310751,-0.5672502489213409,-0.3755055611729019,0.6242482817869415,0.215022091310751
